-- phpMyAdmin SQL Dump
-- version 5.2.0
-- https://www.phpmyadmin.net/
--
-- Host: localhost:3306
-- Generation Time: Jul 03, 2022 at 11:09 AM
-- Server version: 10.4.24-MariaDB
-- PHP Version: 8.1.6

SET SQL_MODE = "NO_AUTO_VALUE_ON_ZERO";
START TRANSACTION;
SET time_zone = "+00:00";


/*!40101 SET @OLD_CHARACTER_SET_CLIENT=@@CHARACTER_SET_CLIENT */;
/*!40101 SET @OLD_CHARACTER_SET_RESULTS=@@CHARACTER_SET_RESULTS */;
/*!40101 SET @OLD_COLLATION_CONNECTION=@@COLLATION_CONNECTION */;
/*!40101 SET NAMES utf8mb4 */;

--
-- Database: `music`
--

-- --------------------------------------------------------

--
-- Table structure for table `album`
--

CREATE TABLE `album` (
  `album_id` int(11) NOT NULL,
  `title` varchar(255) DEFAULT NULL,
  `artist_id` int(11) DEFAULT NULL
) ENGINE=InnoDB DEFAULT CHARSET=utf8;

--
-- Dumping data for table `album`
--

INSERT INTO `album` (`album_id`, `title`, `artist_id`) VALUES
(1, 'Who Made Who', 2),
(2, 'IV', 1);

-- --------------------------------------------------------

--
-- Table structure for table `artist`
--

CREATE TABLE `artist` (
  `artist_id` int(11) NOT NULL,
  `name` varchar(255) DEFAULT NULL
) ENGINE=InnoDB DEFAULT CHARSET=utf8;

--
-- Dumping data for table `artist`
--

INSERT INTO `artist` (`artist_id`, `name`) VALUES
(1, 'Led Zepplin'),
(2, 'AC/DC');

-- --------------------------------------------------------

--
-- Table structure for table `genre`
--

CREATE TABLE `genre` (
  `genre_id` int(11) NOT NULL,
  `name` varchar(255) DEFAULT NULL
) ENGINE=InnoDB DEFAULT CHARSET=utf8;

--
-- Dumping data for table `genre`
--

INSERT INTO `genre` (`genre_id`, `name`) VALUES
(1, 'Rock'),
(2, 'Metal');

-- --------------------------------------------------------

--
-- Table structure for table `track`
--

CREATE TABLE `track` (
  `track_id` int(11) NOT NULL,
  `title` varchar(255) DEFAULT NULL,
  `len` int(11) DEFAULT NULL,
  `rating` int(11) DEFAULT NULL,
  `count` int(11) DEFAULT NULL,
  `album_id` int(11) DEFAULT NULL,
  `genre_id` int(11) DEFAULT NULL
) ENGINE=InnoDB DEFAULT CHARSET=utf8;

--
-- Dumping data for table `track`
--

INSERT INTO `track` (`track_id`, `title`, `len`, `rating`, `count`, `album_id`, `genre_id`) VALUES
(1, 'Black Dog', 297, 5, 0, 2, 1),
(2, 'Stairway', 482, 5, 0, 2, 1),
(3, 'About to Rock', 313, 5, 0, 1, 2),
(4, 'Who Made Who', 207, 5, 0, 1, 2);

--
-- Indexes for dumped tables
--

--
-- Indexes for table `album`
--
ALTER TABLE `album`
  ADD PRIMARY KEY (`album_id`),
  ADD KEY `title` (`title`) USING BTREE,
  ADD KEY `artist_id` (`artist_id`);

--
-- Indexes for table `artist`
--
ALTER TABLE `artist`
  ADD PRIMARY KEY (`artist_id`);

--
-- Indexes for table `genre`
--
ALTER TABLE `genre`
  ADD PRIMARY KEY (`genre_id`);

--
-- Indexes for table `track`
--
ALTER TABLE `track`
  ADD PRIMARY KEY (`track_id`),
  ADD KEY `title` (`title`) USING BTREE,
  ADD KEY `album_id` (`album_id`),
  ADD KEY `genre_id` (`genre_id`);

--
-- AUTO_INCREMENT for dumped tables
--

--
-- AUTO_INCREMENT for table `album`
--
ALTER TABLE `album`
  MODIFY `album_id` int(11) NOT NULL AUTO_INCREMENT, AUTO_INCREMENT=3;

--
-- AUTO_INCREMENT for table `artist`
--
ALTER TABLE `artist`
  MODIFY `artist_id` int(11) NOT NULL AUTO_INCREMENT, AUTO_INCREMENT=3;

--
-- AUTO_INCREMENT for table `genre`
--
ALTER TABLE `genre`
  MODIFY `genre_id` int(11) NOT NULL AUTO_INCREMENT, AUTO_INCREMENT=3;

--
-- AUTO_INCREMENT for table `track`
--
ALTER TABLE `track`
  MODIFY `track_id` int(11) NOT NULL AUTO_INCREMENT, AUTO_INCREMENT=5;

--
-- Constraints for dumped tables
--

--
-- Constraints for table `album`
--
ALTER TABLE `album`
  ADD CONSTRAINT `album_ibfk_1` FOREIGN KEY (`artist_id`) REFERENCES `artist` (`artist_id`) ON DELETE CASCADE ON UPDATE CASCADE;

--
-- Constraints for table `track`
--
ALTER TABLE `track`
  ADD CONSTRAINT `track_ibfk_1` FOREIGN KEY (`album_id`) REFERENCES `album` (`album_id`) ON DELETE CASCADE ON UPDATE CASCADE,
  ADD CONSTRAINT `track_ibfk_2` FOREIGN KEY (`genre_id`) REFERENCES `genre` (`genre_id`) ON DELETE CASCADE ON UPDATE CASCADE;
COMMIT;

/*!40101 SET CHARACTER_SET_CLIENT=@OLD_CHARACTER_SET_CLIENT */;
/*!40101 SET CHARACTER_SET_RESULTS=@OLD_CHARACTER_SET_RESULTS */;
/*!40101 SET COLLATION_CONNECTION=@OLD_COLLATION_CONNECTION */;
